<?xml version="1.0" encoding="UTF-8"?>
<beans xmlns="http://www.springframework.org/schema/beans"
	xmlns:aop="http://www.springframework.org/schema/aop" xmlns:xsi="http://www.w3.org/2001/XMLSchema-instance"
	xmlns:context="http://www.springframework.org/schema/context"
	xmlns:mvc="http://www.springframework.org/schema/mvc"
	xsi:schemaLocation="http://www.springframework.org/schema/beans http://www.springframework.org/schema/beans/spring-beans-4.0.xsd  
        http://www.springframework.org/schema/aop http://www.springframework.org/schema/aop/spring-aop-4.0.xsd   
        http://www.springframework.org/schema/context http://www.springframework.org/schema/context/spring-context-4.0.xsd  
        http://www.springframework.org/schema/mvc http://www.springframework.org/schema/mvc/spring-mvc-4.0.xsd">

	<!-- 开启aop，对类代理 -->
	<aop:config proxy-target-class="true"></aop:config>
	<!-- 开启shiro注解支持 -->
	<bean class="org.apache.shiro.spring.security.interceptor.AuthorizationAttributeSourceAdvisor">
		<property name="securityManager" ref="securityManager" />
	</bean>
	
	
	
	
	<bean class="org.springframework.web.servlet.mvc.method.annotation.RequestMappingHandlerAdapter">
		<property name="messageConverters">
			<list>
				<bean class="org.springframework.http.converter.StringHttpMessageConverter">
					<property name="supportedMediaTypes">
						<list>
							<value>text/html;charset=UTF-8</value>
						</list>
					</property>
				</bean>
				<bean class="org.springframework.http.converter.json.MappingJackson2HttpMessageConverter" />
			</list>
		</property>
	</bean>

	<mvc:annotation-driven />
	<context:component-scan base-package="cn.bf.controller">
		<context:include-filter type="annotation" expression="org.springframework.stereotype.Controller" />
		<context:exclude-filter type="annotation" expression="org.springframework.stereotype.Service" />
	</context:component-scan>
	<bean class="org.springframework.web.servlet.mvc.method.annotation.RequestMappingHandlerMapping" />

	<!-- 静态资源 -->
	<mvc:resources location="/static/" mapping="/static/**" />
	<mvc:resources location="/resources/" mapping="/resources/**" />

	<!-- 将无法mapping到Controller的path交给default servlet handler处理 -->
	<mvc:default-servlet-handler />


	<!-- 定义JSP文件的位置 -->
	<bean class="org.springframework.web.servlet.view.InternalResourceViewResolver">
		<property name="prefix" value="/WEB-INF/views/" />
		<property name="suffix" value=".jsp" />
	</bean>
	
	<!-- 文件上传 -->
	<bean id="multipartResolver" class="org.springframework.web.multipart.commons.CommonsMultipartResolver">
		<!-- 设置上传文件的最大尺寸为5M -->
		<property name="maxUploadSize">
			<value>5242880</value>
		</property>
	</bean>
</beans>
